"id"	"name"	"age"	"rowId"	"createTime"	"updateTime"
"1"	"ljj"	"30"	"0"	"1739791946"	"1739791946"
"6"	"周八"	"22"	"0"	"1741002743"	"1741002743"
"7"	"吴九"	"45"	"1"	"1741002743"	"1741002743"
"8"	"郑十"	"33"	"2"	"1741002743"	"1741002743"
"9"	"钱十一"	"39"	"3"	"1741002743"	"1741002743"
"10"	"孙十二"	"31"	"4"	"1741002743"	"1741002743"
"21"	"李四"	"25"	"1"	"1739791946"	"1739791946"
"31"	"王五"	"40"	"2"	"1739791946"	"1739791946"
"41"	"赵六"	"35"	"3"	"1739791946"	"1739791946"
"51"	"孙七"	"28"	"4"	"1739791948"	"1739791948"
